;type_score;pearson;p-value;n_registers
0;liu_path;0.6472874321394565;1.0573128412622077e-60;500
1;liu_res;0.3699914573767155;7.982234579282485e-17;474
2;liu_lin;0.3856897873768502;2.1106222064049807e-18;478
3;liu_jcn;0.48944318697741507;3.669074452704511e-30;478
4;agirre_words;0.6977442319274311;3.630519319151061e-74;500
5;agirre_synsets;0.6143323202675525;3.316066327453571e-53;500
