;type_score;pearson;p-value;n_registers
0;liu_path;-0.14707007982307113;0.6660915200957149;11
1;liu_res;0.7589807030742645;0.006755329657300347;11
2;liu_lin;-0.028476446650873396;0.933763552491165;11
3;liu_jcn;0.006356030338620338;0.9852025275313728;11
4;agirre_words;-0.8010556927317087;0.003042186567504888;11
5;agirre_synsets;-0.023218106109243918;0.9459773698019922;11
