;type_score;pearson;p-value;n_registers
0;liu_path;0.5994883431982932;2.4863666537822144e-135;1379
1;liu_res;0.35313903106226396;4.2432335061380743e-36;1184
2;liu_lin;0.2985986397677474;6.837516286871285e-26;1188
3;liu_jcn;0.34049515124790863;1.168351150701356e-33;1189
4;agirre_words;0.5848940733879824;2.329730671938022e-127;1379
5;agirre_synsets;0.6027613440583921;3.5552387736649096e-137;1379
