;type_score;pearson;p-value;n_registers
0;liu_path;0.5995189725620884;2.3900168513777026e-135;1379
1;liu_res;0.35596245798758297;1.0877345734951067e-36;1184
2;liu_lin;0.300718801368906;2.9672771564026986e-26;1188
3;liu_jcn;0.3427355339274196;4.150440054940284e-34;1189
4;agirre_words;0.5871350861774945;1.4774638984258778e-128;1379
5;agirre_synsets;0.6000253929060182;1.2426292839016892e-135;1379
