;type_score;pearson;p-value;n_registers
0;liu_path;0.5845131688347086;3.715059668677511e-127;1379
1;liu_res;0.34466084623974685;8.963353256575977e-35;1199
2;liu_lin;0.2862645960392439;4.011653525779337e-24;1203
3;liu_jcn;0.34013577909717707;5.447077515818777e-34;1204
4;agirre_words;0.5841064617494743;6.110233560131535e-127;1379
5;agirre_synsets;0.5789906597048219;3.0080490884164314e-124;1379
