;type_score;pearson;p-value;n_registers
0;liu_path;0.3929121026539955;8.350041268421969e-11;254
1;liu_res;0.32414374036345384;8.434353948411232e-07;221
2;liu_lin;0.35622752432886307;5.1700891692433634e-08;221
3;liu_jcn;0.33635106752302907;3.025133095322011e-07;221
4;agirre_words;0.4054320842244449;1.811426685895353e-11;254
5;agirre_synsets;0.3951176738429392;6.408878685364396e-11;254
