;type_score;pearson;p-value;n_registers
0;liu_path;0.7219087804672318;1.0638950103201711e-101;625
1;liu_res;0.32289778834198335;2.497599236536888e-13;489
2;liu_lin;0.23157146132893572;2.2395801642881332e-07;489
3;liu_jcn;0.2857528519654927;1.1628659528088553e-10;490
4;agirre_words;0.640137806378624;2.338365117174206e-73;625
5;agirre_synsets;0.7075461559065964;5.1874616510512264e-96;625
