;type_score;pearson;p-value;n_registers
0;liu_path;0.5495927210039484;1.1580896079933012e-109;1379
1;liu_res;0.3066571647473181;1.7206700540857235e-29;1290
2;liu_lin;0.2394939575775078;2.453549257483925e-18;1294
3;liu_jcn;0.3030118698035339;6.30368464880148e-29;1296
4;agirre_words;0.5219936459610773;3.127617239775061e-97;1379
5;agirre_synsets;0.36592311963283725;6.062874731296726e-45;1379
